"Name","Faction","Rarity","Affinity","Role","","","","","","","","","","","","","","","","","","","","",""
"Rocktooth","Ogryn Tribes","Rare","Magic","Attack","15525","1211","782","101","30","0","15","57","50","","","","","","","","","","","",""
"Shatterbones","Ogryn Tribes","Epic","Force","Attack","13875","1498","881","97","30","0","15","60","50","","","","","","","","","","","",""
"Erinyes","Demonspawn","Epic","Force","Attack","13050","1553","881","103","30","0","15","50","50","","","","","","","","","","","",""
"Alure","Demonspawn","Epic","Magic","Attack","14040","1575","793","96","30","0","15","60","50","","","","","","","","","","","",""
"Knecht","Sacred Order","Common","Spirit","Defense","12225","650","738","98","30","0","15","50","50","","","","","","","","","","","",""
"Armiger","Sacred Order","Uncommon","Spirit","Defense","15195","793","947","92","30","0","15","50","50","","","","","","","","","","","",""
"Hyria","High Elves","Rare","Spirit","Attack","12060","1476","749","101","30","0","15","57","50","","","","","","","","","","","",""
"Stoneskin","Ogryn Tribes","Rare","Void","HP","19485","892","837","95","30","10","15","50","50","","","","","","","","","","","",""
"Maneater","Ogryn Tribes","Epic","Void","HP","20310","837","1112","98","45","0","15","50","50","","","","","","","","","","","",""
"Skinner","Lizardmen","Uncommon","Magic","Attack","12885","1255","639","89","30","0","15","50","50","","","","","","","","","","","",""
"Troglodyte","Lizardmen","Common","Spirit","Defense","9750","760","793","87","30","0","15","50","50","","","","","","","","","","","",""
"Gnarlhorn","Skinwalkers","Rare","Spirit","HP","17010","958","936","96","45","0","15","50","50","","","","","","","","","","","",""
"Doomscreech","Undead Hordes","Rare","Void","HP","20310","925","749","95","45","0","15","50","50","","","","","","","","","","","",""
"Seeker","Undead Hordes","Epic","Magic","Defense","16845","1002","1178","103","45","0","15","50","50","","","","","","","","","","","",""
"Flinger","Lizardmen","Rare","Spirit","Attack","13050","1266","892","104","30","0","15","57","50","","","","","","","","","","","",""
"Hurler","Lizardmen","Rare","Force","Attack","14700","1432","617","96","30","0","15","57","50","","","","","","","","","","","",""
"Broadmaw","Lizardmen","Epic","Void","Support","18660","1101","958","104","30","0","15","50","50","","","","","","","","","","","",""
"Marksman","High Elves","Epic","Spirit","Attack","14700","1432","892","92","30","0","15","60","50","","","","","","","","","","","",""
"Rhazin Scarhide","Lizardmen","Legendary","Force","Defense","18330","1046","1310","91","50","0","15","50","50","","","","","","","","","","","",""
"Saurus","Lizardmen","Uncommon","Spirit","Attack","12720","1244","661","83","30","0","15","50","50","","","","","","","","","","","",""
"Azure","Banner Lords","Epic","Void","HP","19320","958","1057","97","45","0","15","50","50","","","","","","","","","","","",""
"Vulpine","Undead Hordes","Uncommon","Force","Attack","11070","1189","826","87","30","0","15","50","50","","","","","","","","","","","",""
"Grinner","Undead Hordes","Rare","Force","Support","14370","936","1134","110","30","0","15","50","50","","","","","","","","","","","",""
"Husk","Undead Hordes","Epic","Force","HP","20970","969","936","98","45","0","15","50","50","","","","","","","","","","","",""
"Redeemer","Dark Elves","Uncommon","Force","Attack","12225","1123","815","92","30","0","15","50","50","","","","","","","","","","","",""
"Warden","Dark Elves","Epic","Spirit","Defense","17340","870","1277","98","45","0","15","50","50","","","","","","","","","","","",""
"Windtalker","Skinwalkers","Uncommon","Magic","Support","13710","903","936","87","30","0","15","50","50","","","","","","","","","","","",""
"Jaeger","High Elves","Uncommon","Spirit","Attack","14370","1200","595","100","30","0","15","50","50","","","","","","","","","","","",""
"Battlesage","High Elves","Epic","Void","Support","18000","980","1123","100","30","0","15","50","50","","","","","","","","","","","",""
"Goremask","Orcs","Rare","Force","Attack","12225","1509","705","98","30","0","15","57","50","","","","","","","","","","","",""
"Bloodpainter","Skinwalkers","Rare","Force","Attack","15855","1134","837","102","30","0","15","50","50","","","","","","","","","","","",""
"Ithos","High Elves","Legendary","Void","Attack","18825","1608","716","99","30","10","15","63","50","","","","","","","","","","","",""
"Deathchanter","Orcs","Rare","Magic","HP","19650","815","903","89","40","0","15","50","50","","","","","","","","","","","",""
"Veteran","Orcs","Rare","Void","Defense","15360","683","1321","97","30","0","15","57","50","","","","","","","","","","","",""
"Terrorbeast","Orcs","Epic","Spirit","HP","20970","1057","848","93","30","0","15","60","50","","","","","","","","","","","",""
"Chopper","Orcs","Rare","Magic","Attack","15855","1046","925","99","30","0","15","57","50","","","","","","","","","","","",""
"Seer","Orcs","Epic","Void","Support","19320","1145","870","104","30","0","15","50","50","","","","","","","","","","","",""
"Jarang","Lizardmen","Epic","Magic","Attack","12885","1608","837","100","30","15","15","50","50","","","","","","","","","","","",""
"Drake","Lizardmen","Epic","Spirit","Attack","14040","1487","881","95","30","0","15","60","50","","","","","","","","","","","",""
"Royal Guard","High Elves","Epic","Magic","Attack","15030","1531","771","93","30","0","15","60","50","","","","","","","","","","","",""
"Dracomorph","Lizardmen","Legendary","Magic","Attack","15195","1520","1046","98","30","10","15","63","50","","","","","","","","","","","",""
"Cultist","Knight Revenant","Uncommon","Force","Attack","12390","1167","760","84","30","0","15","50","50","","","","","","","","","","","",""
"Herald","Knight Revenant","Uncommon","Spirit","Support","16845","782","848","99","30","0","15","50","50","","","","","","","","","","","",""
"Admonitor","Knight Revenant","Uncommon","Force","HP","18990","617","870","95","30","0","15","50","50","","","","","","","","","","","",""
"Aothar","Sacred Order","Epic","Force","Attack","14535","1509","826","92","30","0","15","60","50","","","","","","","","","","","",""
"Intercessor","Sacred Order","Uncommon","Force","Support","13380","947","914","102","30","0","15","50","50","","","","","","","","","","","",""
"Battle Sister","Sacred Order","Uncommon","Magic","Attack","14205","1090","716","101","30","0","15","50","50","","","","","","","","","","","",""
"Lord Shazar","Demonspawn","Legendary","Spirit","Attack","15690","1343","1189","101","30","0","15","63","50","","","","","","","","","","","",""
"Prince Kymar","Demonspawn","Legendary","Magic","Support","18990","1046","1266","103","40","0","15","50","50","","","","","","","","","","","",""
"Incubus","Demonspawn","Uncommon","Force","Attack","11235","1145","859","95","30","0","15","50","50","","","","","","","","","","","",""
"Cataphract","Banner Lords","Rare","Spirit","HP","18330","991","815","97","40","0","15","50","50","","","","","","","","","","","",""
"Hound Spawn","Demonspawn","Rare","Force","Attack","13050","1398","760","93","30","0","15","57","50","","","","","","","","","","","",""
"Hellfang","Demonspawn","Rare","Spirit","Attack","14370","1233","837","99","30","0","15","57","50","","","","","","","","","","","",""
"Galek","Orcs","Rare","Magic","Attack","13710","1200","914","103","30","0","15","57","50","","","","","","","","","","","",""
"Elhain","High Elves","Rare","Magic","Attack","14370","1233","837","107","30","0","15","57","50","","","","","","","","","","","",""
"Athel","Sacred Order","Rare","Magic","Attack","13545","1189","936","104","30","0","15","57","50","","","","","","","","","","","",""
"Kael","Dark Elves","Rare","Magic","Attack","13710","1200","914","103","30","0","15","57","50","","","","","","","","","","","",""
"Slayer","Barbarians","Rare","Force","Attack","15690","1233","749","90","30","0","15","57","50","","","","","","","","","","","",""
"Marked","Barbarians","Rare","Magic","Support","19320","892","848","100","30","0","15","50","50","","","","","","","","","","","",""
"Pit Fighter","Barbarians","Uncommon","Force","HP","16185","892","782","93","30","0","15","50","50","","","","","","","","","","","",""
"Ritualist","Barbarians","Uncommon","Magic","Attack","13545","1068","782","96","30","0","15","50","50","","","","","","","","","","","",""
"Crossbowman","Banner Lords","Rare","Magic","Attack","13875","1167","936","95","30","0","15","57","50","","","","","","","","","","","",""
"Theurgist","Knight Revenant","Rare","Magic","Support","18495","947","848","103","30","0","15","50","50","","","","","","","","","","","",""
"Skullcrown","Knight Revenant","Epic","Void","Attack","14535","1509","826","96","30","0","15","60","50","","","","","","","","","","","",""
"Gladiator","Knight Revenant","Rare","Force","Attack","14040","1156","936","97","30","0","15","57","50","","","","","","","","","","","",""
"Deathless","Knight Revenant","Epic","Spirit","Defense","18990","881","1156","92","30","0","15","50","50","","","","","","","","","","","",""
"Vergis","High Elves","Epic","Spirit","Defense","16020","925","1310","98","45","0","15","50","50","","","","","","","","","","","",""
"Kytis","Knight Revenant","Epic","Spirit","Attack","14865","1222","1090","95","30","0","15","60","50","","","","","","","","","","","",""
"Siegebreaker","Ogryn Tribes","Rare","Spirit","Attack","14040","1211","881","90","40","0","15","50","50","","","","","","","","","","","",""
"Souldrinker","Demonspawn","Epic","Force","Attack","17340","1299","848","97","30","0","15","60","50","","","","","","","","","","","",""
"Diabolist","Demonspawn","Rare","Magic","Support","18660","1002","782","110","30","0","15","50","50","","","","","","","","","","","",""
"Nazana","Demonspawn","Epic","Force","HP","21480","859","1013","103","45","0","15","50","50","","","","","","","","","","","",""
"Spikehead","Orcs","Rare","Magic","Attack","11895","1465","771","102","40","0","15","50","50","","","","","","","","","","","",""
"Raglin","Banner Lords","Legendary","Void","Support","20310","1156","1068","104","50","0","15","50","50","","","","","","","","","","","",""
"Vrask","Orcs","Epic","Spirit","HP","23460","870","870","97","45","0","15","50","50","","","","","","","","","","","",""
"Throatcutter","Orcs","Uncommon","Spirit","Attack","12225","1189","749","88","30","0","15","50","50","","","","","","","","","","","",""
"Hardscale","Lizardmen","Uncommon","Magic","Defense","13050","716","1167","99","30","0","15","50","50","","","","","","","","","","","",""
"Stalker","Lizardmen","Uncommon","Magic","HP","16185","749","925","94","30","0","15","50","50","","","","","","","","","","","",""
"Sister Militant","Sacred Order","Common","Force","Attack","10410","870","639","98","30","0","15","50","50","","","","","","","","","","","",""
"Exemplar","High Elves","Epic","Void","Attack","13545","1509","892","94","30","0","15","60","50","","","","","","","","","","","",""
"Elfguard","High Elves","Uncommon","Spirit","Attack","13215","1156","716","92","30","0","15","50","50","","","","","","","","","","","",""
"Luthiea","High Elves","Epic","Force","Attack","14370","1277","1068","93","30","20","15","50","50","","","","","","","","","","","",""
"Zargala","Orcs","Epic","Force","Attack","16680","1398","793","103","30","0","15","60","50","","","","","","","","","","","",""
"Lyssandra","High Elves","Legendary","Spirit","Support","21480","969","1178","110","30","10","15","50","50","","","","","","","","","","","",""
"Hordin","Banner Lords","Epic","Magic","Attack","16845","1321","859","95","30","0","15","60","50","","","","","","","","","","","",""
"Huntress","Orcs","Rare","Void","Attack","11895","1310","925","94","30","0","15","57","50","","","","","","","","","","","",""
"Errol","Sacred Order","Legendary","Force","Attack","16020","1674","837","104","30","0","15","63","50","","","","","","","","","","","",""
"Martyr","Sacred Order","Legendary","Spirit","Defense","20145","826","1409","93","50","10","15","50","50","","","","","","","","","","","",""
"Norog","Skinwalkers","Legendary","Magic","Defense","16845","1156","1299","106","50","0","15","50","50","","","","","","","","","","","",""
"Steelskull","Skinwalkers","Epic","Spirit","Support","16020","1277","958","111","30","0","15","50","50","","","","","","","","","","","",""
"Karam","Undead Hordes","Epic","Force","Attack","13215","1354","1068","100","30","0","15","60","50","","","","","","","","","","","",""
"Bloodgorged","Undead Hordes","Legendary","Force","Attack","18990","1465","848","90","40","0","15","63","50","","","","","","","","","","","",""
"Nethril","Undead Hordes","Legendary","Spirit","Attack","17010","1454","991","94","40","0","15","63","50","","","","","","","","","","","",""
"Lich","Undead Hordes","Epic","Force","Defense","18495","694","1376","99","45","0","15","50","50","","","","","","","","","","","",""
"Shieldguard","Barbarians","Uncommon","Spirit","Defense","15360","705","1024","89","30","0","15","50","50","","","","","","","","","","","",""
"Rowan","Banner Lords","Epic","Void","Attack","16845","1487","694","108","30","0","15","60","50","","","","","","","","","","","",""
"Halberdier","Banner Lords","Rare","Spirit","Attack","12060","1178","1046","97","30","0","15","57","50","","","","","","","","","","","",""
"Bloodfeather","Orcs","Epic","Force","Attack","13875","1542","837","102","30","0","15","60","50","","","","","","","","","","","",""
"Squire","Banner Lords","Uncommon","Force","Defense","15690","760","947","96","30","0","15","50","50","","","","","","","","","","","",""
"Paragon","Dark Elves","Rare","Void","Defense","14370","958","1112","96","30","0","15","50","50","","","","","","","","","","","",""
"Ghostborn","Dark Elves","Legendary","Spirit","Support","18825","1211","1112","101","40","0","15","50","50","","","","","","","","","","","",""
"Magus","Knight Revenant","Rare","Magic","Attack","13875","1299","804","94","30","0","15","50","50","","","","","","","","","","","",""
"Psylar","Dark Elves","Epic","Void","Support","18165","1123","969","105","30","0","15","50","50","","","","","","","","","","","",""
"Channeler","Skinwalkers","Rare","Spirit","Support","17175","881","1002","103","30","0","15","50","50","","","","","","","","","","","",""
"Preserver","Banner Lords","Rare","Force","Defense","16350","771","1167","102","40","0","15","50","50","","","","","","","","","","","",""
"Pilgrim","Sacred Order","Uncommon","Force","Support","14865","793","969","98","30","0","15","50","50","","","","","","","","","","","",""
"Tayrel","High Elves","Epic","Magic","Defense","16185","881","1343","95","45","0","15","50","50","","","","","","","","","","","",""
"Preacher","Sacred Order","Common","Force","HP","10080","837","694","96","30","0","15","50","50","","","","","","","","","","","",""
"Hexweaver","Dark Elves","Rare","Spirit","Support","16515","914","1013","101","30","0","15","50","50","","","","","","","","","","","",""
"Penitent","Sacred Order","Rare","Spirit","Defense","14865","793","1244","93","40","0","15","50","50","","","","","","","","","","","",""
"Outrider","Barbarians","Uncommon","Spirit","Attack","12390","1112","815","99","30","0","15","50","50","","","","","","","","","","","",""
"Deathknight","Undead Hordes","Common","Magic","HP","13545","551","749","99","30","0","15","50","50","","","","","","","","","","","",""
"Cardinal","Sacred Order","Epic","Void","Support","17340","1002","1145","104","30","0","15","50","50","","","","","","","","","","","",""
"Acolyte","Knight Revenant","Rare","Force","Support","15195","749","1266","104","30","0","15","50","50","","","","","","","","","","","",""
"Stalwart","Banner Lords","Uncommon","Magic","HP","18000","738","815","87","30","0","15","50","50","","","","","","","","","","","",""
"Elder","Barbarians","Rare","Magic","Defense","14865","914","1123","92","40","0","15","50","50","","","","","","","","","","","",""
"Courtier","Banner Lords","Rare","Force","Attack","12720","1277","903","92","30","0","15","57","50","","","","","","","","","","","",""
"Roshcard the Tower","Sacred Order","Legendary","Magic","HP","24780","947","980","100","50","0","15","50","50","","","","","","","","","","","",""
"Warpriest","Sacred Order","Rare","Spirit","Support","18165","683","1134","97","30","0","15","50","50","","","","","","","","","","","",""
"Confessor","Sacred Order","Rare","Void","Attack","12060","1409","815","98","30","0","15","57","50","","","","","","","","","","","",""
"Bonekeeper","Orcs","Epic","Force","Attack","13545","1531","870","98","30","0","15","60","50","","","","","","","","","","","",""
"Bloodbraid","Barbarians","Rare","Spirit","HP","19650","892","826","89","40","0","15","50","50","","","","","","","","","","","",""
"Death Hound","Undead Hordes","Common","Magic","Attack","10740","914","573","94","30","0","15","50","50","","","","","","","","","","","",""
"Anointed","Barbarians","Rare","Force","Support","15855","793","1178","91","30","0","15","50","50","","","","","","","","","","","",""
"Crusader","Sacred Order","Uncommon","Force","Attack","12390","1123","804","92","30","0","15","57","50","","","","","","","","","","","",""
"Sniper","Dark Elves","Uncommon","Magic","Attack","12555","1211","705","97","30","0","15","57","50","","","","","","","","","","","",""
"Grimskin","Ogryn Tribes","Epic","Magic","Defense","16350","793","1421","99","45","0","15","50","50","","","","","","","","","","","",""
"Canoness","Sacred Order","Epic","Magic","Defense","17670","804","1321","89","45","0","15","50","50","","","","","","","","","","","",""
"Lemure","Demonspawn","Uncommon","Magic","HP","18165","639","903","93","30","0","15","50","50","","","","","","","","","","","",""
"Valkyrie","Barbarians","Legendary","Spirit","Defense","17835","793","1597","104","50","0","15","50","50","","","","","","","","","","","",""
"Aina","Barbarians","Epic","Magic","Attack","15855","1487","760","105","30","0","15","60","50","","","","","","","","","","","",""
"Chaplain","Sacred Order","Rare","Force","Support","15855","1079","892","102","30","0","15","50","50","","","","","","","","","","","",""
"Lamellar","Sacred Order","Rare","Force","HP","19650","837","881","93","40","0","15","50","50","","","","","","","","","","","",""
"Bandit","Banner Lords","Common","Spirit","Attack","8595","980","650","98","30","0","15","50","50","","","","","","","","","","","",""
"Judicator","Sacred Order","Rare","Spirit","Attack","11895","1398","837","104","30","0","15","57","50","","","","","","","","","","","",""
"Novitiate","Sacred Order","Common","Spirit","Attack","10245","892","628","83","30","0","15","50","50","","","","","","","","","","","",""
"Justiciar","Sacred Order","Rare","Void","Defense","14700","914","1134","93","40","0","15","50","50","","","","","","","","","","","",""
"Peydma","Demonspawn","Epic","Void","Defense","17670","826","1299","101","45","0","15","50","50","","","","","","","","","","","",""
"Slasher","Lizardmen","Rare","Spirit","Attack","13050","1332","826","94","30","0","15","57","50","","","","","","","","","","","",""
"Shirimani","High Elves","Legendary","Force","Support","19980","1167","1079","104","40","0","15","50","50","","","","","","","","","","","",""
"Woad-Painted","Barbarians","Epic","Spirit","HP","19815","1013","969","92","45","0","15","50","50","","","","","","","","","","","",""
"Angar","Orcs","Legendary","Void","HP","21975","826","1288","98","45","10","15","50","50","","","","","","","","","","","",""
"Hexia","Undead Hordes","Epic","Force","Attack","14205","1564","793","97","30","0","15","60","50","","","","","","","","","","","",""
"Hellhound","Undead Hordes","Common","Spirit","Attack","10245","760","760","94","30","0","15","50","50","","","","","","","","","","","",""
"Metalshaper","Lizardmen","Rare","Spirit","Support","16350","859","1079","90","30","0","15","57","50","","","","","","","","","","","",""
"Abbess","Sacred Order","Legendary","Force","Attack","14040","1564","1079","96","30","10","15","63","50","","","","","","","","","","","",""
"Richtoff the Bold","Banner Lords","Legendary","Spirit","Attack","18825","1398","925","95","30","0","15","63","50","","","","","","","","","","","",""
"Robar","Orcs","Legendary","Force","Attack","18990","1619","694","87","30","10","15","63","50","","","","","","","","","","","",""
"Hellgazer","Demonspawn","Epic","Spirit","Attack","17670","1476","650","97","30","0","15","60","50","","","","","","","","","","","",""
"Soulless","Knight Revenant","Legendary","Void","Defense","19650","1013","1255","87","50","10","15","50","50","","","","","","","","","","","",""
"Outlaw Monk","Sacred Order","Uncommon","Force","Attack","12225","1244","694","96","30","0","15","50","50","","","","","","","","","","","",""
"Elenaril","High Elves","Legendary","Magic","Attack","14535","1387","1222","96","30","0","15","63","50","","","","","","","","","","","",""
"Turvold","Barbarians","Legendary","Void","Attack","17505","1498","914","93","40","0","15","63","50","","","","","","","","","","","",""
"Wretch","Undead Hordes","Rare","Force","Attack","13215","1432","716","97","30","0","15","57","50","","","","","","","","","","","",""
"Sethallia","Banner Lords","Legendary","Magic","Support","18000","1024","1354","108","30","0","15","50","50","","","","","","","","","","","",""
"Warcaster","Banner Lords","Epic","Void","Support","20145","1013","947","106","30","0","15","50","50","","","","","","","","","","","",""
"Flesheater","Ogryn Tribes","Rare","Spirit","Support","14535","1024","1035","94","30","10","15","50","50","","","","","","","","","","","",""
"Crusher","Barbarians","Uncommon","Spirit","Defense","14370","870","925","96","30","0","15","50","50","","","","","","","","","","","",""
"Totem","Orcs","Rare","Spirit","Support","14700","1002","1046","94","30","10","15","50","50","","","","","","","","","","","",""
"Royal Huntsman","High Elves","Legendary","Spirit","Attack","16350","1553","936","105","30","0","15","63","50","","","","","","","","","","","",""
"Galkut","Ogryn Tribes","Epic","Spirit","Attack","11400","1321","1222","91","30","0","15","60","50","","","","","","","","","","","",""
"Lugan the Steadfast","Banner Lords","Legendary","Spirit","HP","22140","1013","1090","103","40","0","15","63","50","","","","","","","","","","","",""
"Maiden","Sacred Order","Rare","Spirit","Attack","11730","1343","903","87","30","0","15","57","50","","","","","","","","","","","",""
"Infernal Baroness","Demonspawn","Epic","Force","Defense","17670","914","1211","95","45","0","15","50","50","","","","","","","","","","","",""
"Dervish","Barbarians","Uncommon","Magic","Attack","10080","1112","969","96","30","0","15","50","50","","","","","","","","","","","",""
"Lightsworn","Sacred Order","Epic","Void","Defense","16350","738","1476","97","45","0","15","50","50","","","","","","","","","","","",""
"Bushi","Sacred Order","Epic","Spirit","Attack","15690","1476","782","90","30","0","15","60","50","","","","","","","","","","","",""
"Grandmaster","Banner Lords","Rare","Magic","HP","16185","892","1057","100","40","0","15","50","50","","","","","","","","","","","",""
"Hollow","Undead Hordes","Rare","Void","Attack","13050","1299","859","89","30","0","15","57","50","","","","","","","","","","","",""
"War Mother","Ogryn Tribes","Legendary","Magic","Attack","18495","1387","958","99","30","10","15","63","50","","","","","","","","","","","",""
"Pitspawn","Demonspawn","Uncommon","Spirit","Defense","13545","881","969","86","30","0","15","50","50","","","","","","","","","","","",""
"Altan","Barbarians","Legendary","Magic","Defense","20145","837","1398","102","50","0","15","57","50","","","","","","","","","","","",""
"Arcanist","Knight Revenant","Rare","Force","Support","17835","991","848","98","30","0","15","50","50","","","","","","","","","","","",""
"Shaman","Orcs","Epic","Force","Support","17505","1112","1024","106","30","0","15","50","50","","","","","","","","","","","",""
"Adriel","Sacred Order","Epic","Magic","Support","18330","1101","980","98","30","15","15","50","50","","","","","","","","","","","",""
"Jotun","Barbarians","Epic","Magic","HP","16680","991","1200","93","45","0","15","50","50","","","","","","","","","","","",""
"Taurus","Skinwalkers","Epic","Magic","Attack","17010","1310","859","101","30","15","15","50","50","","","","","","","","","","","",""
"Banshee","Undead Hordes","Rare","Magic","Support","16515","980","947","92","30","0","15","50","50","","","","","","","","","","","",""
"Ignatius","Ogryn Tribes","Legendary","Magic","Defense","18825","1057","1266","93","40","20","15","50","50","","","","","","","","","","","",""
"Hope","Sacred Order","Epic","Magic","HP","21315","1079","804","104","45","0","15","50","50","","","","","","","","","","","",""
"Skirmisher","Barbarians","Rare","Void","Attack","15360","1211","793","94","30","0","15","50","50","","","","","","","","","","","",""
"Ox","Barbarians","Rare","Void","Attack","12225","1167","1046","98","30","0","15","57","50","","","","","","","","","","","",""
"Ifrit","Demonspawn","Rare","Void","HP","18825","815","958","95","40","0","15","50","50","","","","","","","","","","","",""
"Chevalier","Banner Lords","Rare","Void","Defense","16680","804","1112","98","30","0","15","50","50","","","","","","","","","","","",""
"Luria","Dark Elves","Epic","Spirit","Attack","13050","1487","947","104","30","10","15","50","50","","","","","","","","","","","",""
"Basher","Skinwalkers","Epic","Void","Attack","13545","1498","903","95","30","0","15","60","50","","","","","","","","","","","",""
"Flesh-Tearer","Skinwalkers","Epic","Magic","Support","18495","991","1079","89","30","15","15","50","50","","","","","","","","","","","",""
"Ripper","Skinwalkers","Epic","Force","Attack","16020","1299","936","96","30","0","15","60","50","","","","","","","","","","","",""
"Grappler","Skinwalkers","Rare","Spirit","Defense","14700","859","1189","94","30","10","15","50","50","","","","","","","","","","","",""
"Bloodhorn","Skinwalkers","Rare","Void","HP","17505","870","991","89","40","0","15","50","50","","","","","","","","","","","",""
"Longbeard","Skinwalkers","Legendary","Magic","Attack","17835","1409","980","97","30","0","15","63","50","","","","","","","","","","","",""
"Hakkorhn Smashlord","Skinwalkers","Legendary","Magic","HP","23790","848","1145","99","50","10","15","50","50","","","","","","","","","","","",""
"Skink","Lizardmen","Rare","Magic","Attack","13380","1310","826","93","30","0","15","57","50","","","","","","","","","","","",""
"Gator","Lizardmen","Rare","Magic","Support","16515","881","1046","99","30","0","15","50","50","","","","","","","","","","","",""
"Raider","Orcs","Rare","Spirit","Attack","14205","1156","925","92","30","10","15","50","50","","","","","","","","","","","",""
"Marquis","Demonspawn","Rare","Void","Defense","16845","892","1013","97","40","0","15","50","50","","","","","","","","","","","",""
"Fellhound","Demonspawn","Rare","Void","Defense","14865","958","1079","92","40","0","15","50","50","","","","","","","","","","","",""
"Crypt Witch","Knight Revenant","Epic","Magic","Attack","14865","1421","892","98","30","0","15","60","50","","","","","","","","","","","",""
"Daywalker","Knight Revenant","Rare","Void","HP","16515","925","1002","91","30","0","15","60","50","","","","","","","","","","","",""
"Doompriest","Knight Revenant","Epic","Force","Support","19320","980","1035","100","30","0","15","50","50","","","","","","","","","","","",""
"Bellower","Ogryn Tribes","Rare","Void","Support","16515","1013","914","99","30","15","15","50","50","","","","","","","","","","","",""
"Pounder","Ogryn Tribes","Rare","Magic","Defense","14535","859","1200","95","30","10","15","50","50","","","","","","","","","","","",""
"Frostskin","Ogryn Tribes","Uncommon","Magic","Support","14865","1046","716","96","30","0","15","50","50","","","","","","","","","","","",""
"Oldbeard","Ogryn Tribes","Uncommon","Force","Defense","14040","716","1101","91","30","0","15","50","50","","","","","","","","","","","",""
"Magister","High Elves","Rare","Force","Support","18000","892","936","101","30","0","15","50","50","","","","","","","","","","","",""
"Faceless","Knight Revenant","Epic","Void","Attack","17505","1398","738","101","30","0","15","60","50","","","","","","","","","","","",""
"Retainer","Dark Elves","Rare","Void","Defense","16185","672","1277","93","40","0","15","50","50","","","","","","","","","","","",""
"Heartpiercer","Dark Elves","Uncommon","Force","Attack","12555","1057","859","89","30","0","15","50","50","","","","","","","","","","","",""
"Delver","Dark Elves","Epic","Spirit","Attack","16350","1299","914","91","30","0","15","60","50","","","","","","","","","","","",""
"Eviscerator","Dark Elves","Rare","Void","Attack","12060","1409","815","95","30","0","15","57","50","","","","","","","","","","","",""
"Wanderer","Dark Elves","Rare","Spirit","Attack","13050","1443","716","96","30","0","15","57","50","","","","","","","","","","","",""
"Relickeeper","Sacred Order","Epic","Force","Attack","14370","1365","980","90","30","0","15","60","50","","","","","","","","","","","",""
"Gurgoh the Augur","Ogryn Tribes","Legendary","Void","Attack","16020","1465","1046","98","30","0","15","63","50","","","","","","","","","","","",""
"Slitherbrute","Lizardmen","Rare","Magic","Attack","12885","1310","859","98","30","0","15","57","50","","","","","","","","","","","",""
"Marquess","Demonspawn","Rare","Spirit","Defense","17175","870","1013","89","30","10","15","50","50","","","","","","","","","","","",""
"Cruetraxa","Demonspawn","Legendary","Void","Attack","18330","1498","859","99","40","0","15","63","50","","","","","","","","","","","",""
"Sharpshooter","Sacred Order","Uncommon","Magic","Attack","10575","1255","793","93","30","0","15","50","50","","","","","","","","","","","",""
"Basilisk","Lizardmen","Epic","Force","Attack","15525","1365","903","99","30","0","15","60","50","","","","","","","","","","","",""
"Zephyr Sniper","Barbarians","Uncommon","Spirit","Defense","13380","617","1244","100","30","0","15","50","50","","","","","","","","","","","",""
"Kantra the Cyclone","Barbarians","Legendary","Force","Defense","18330","815","1542","99","40","20","15","50","50","","","","","","","","","","","",""
"Jareg","Lizardmen","Epic","Magic","HP","23460","683","1057","96","45","0","15","50","50","","","","","","","","","","","",""
"Sir Nicholas","Sacred Order","Legendary","Void","HP","22800","936","1123","105","50","0","15","50","50","","","","","","","","","","","",""
"Reinbeast","Skinwalkers","Epic","Force","Defense","18660","826","1233","94","45","0","15","50","50","","","","","","","","","","","",""
"Jinglehunter","High Elves","Epic","Spirit","Attack","14700","1498","826","101","30","0","15","60","50","","","","","","","","","","","",""
"Frostbringer","Sacred Order","Epic","Magic","Support","20310","870","1079","110","30","0","15","50","50","","","","","","","","","","","",""
"Witness","Sacred Order","Rare","Magic","Support","14865","1134","903","103","30","0","15","50","50","","","","","","","","","","","",""
"Interceptor","High Elves","Rare","Void","Defense","15360","881","1123","84","30","10","15","50","50","","","","","","","","","","","",""
"Thenasil","High Elves","Epic","Force","Support","17835","991","1123","105","30","0","15","50","50","","","","","","","","","","","",""
"Rotting Mage","Undead Hordes","Rare","Spirit","Support","16350","1068","870","100","30","15","15","50","50","","","","","","","","","","","",""
"Malbranche","Demonspawn","Rare","Void","Attack","14865","1321","716","111","30","0","15","50","50","","","","","","","","","","","",""
"Pit Cur","Demonspawn","Uncommon","Force","HP","15690","826","881","91","30","0","15","50","50","","","","","","","","","","","",""
"Treefeller","Orcs","Rare","Force","Attack","13215","1277","870","95","30","0","15","57","50","","","","","","","","","","","",""
"Fortress Goon","Ogryn Tribes","Rare","Magic","Defense","15525","859","1134","90","40","0","15","50","50","","","","","","","","","","","",""
"Centurion","Knight Revenant","Rare","Void","Defense","15690","793","1189","93","40","0","15","50","50","","","","","","","","","","","",""
"Crimson Slayer","Knight Revenant","Rare","Spirit","Attack","13710","1134","980","96","30","0","15","57","50","","","","","","","","","","","",""
"Steel Bowyer","Dark Elves","Rare","Force","Attack","12720","1365","815","100","30","0","15","57","50","","","","","","","","","","","",""
"Pain Keeper","Dark Elves","Rare","Void","HP","19320","969","771","102","40","0","15","50","50","","","","","","","","","","","",""
"Harvester","Dark Elves","Rare","Void","Attack","13710","1156","958","100","30","0","15","57","50","","","","","","","","","","","",""
"Judge","Dark Elves","Rare","Magic","Attack","12225","1476","738","103","30","0","15","57","50","","","","","","","","","","","",""
"Vanguard","Banner Lords","Rare","Void","Defense","14700","958","1090","96","40","0","15","50","50","","","","","","","","","","","",""
"Drexthar Bloodtwin","Demonspawn","Legendary","Force","Defense","18990","914","1398","100","50","10","15","50","50","","","","","","","","","","","",""
"Inithwe Bloodtwin","Demonspawn","Legendary","Void","Attack","14370","1729","892","99","30","10","15","63","50","","","","","","","","","","","",""
"Crypt-King Graal","Undead Hordes","Legendary","Magic","Support","19320","1145","1145","107","30","10","15","50","50","","","","","","","","","","","",""
"Hegemon","Knight Revenant","Legendary","Void","Attack","19155","1487","815","96","30","10","15","63","50","","","","","","","","","","","",""
"Missionary","Sacred Order","Epic","Force","HP","19485","969","1035","96","45","0","15","50","50","","","","","","","","","","","",""
"Cagebreaker","Ogryn Tribes","Epic","Spirit","Attack","16020","1409","826","98","30","0","15","60","50","","","","","","","","","","","",""
"Towering Titan","Ogryn Tribes","Epic","Void","HP","23790","760","958","98","45","0","15","50","50","","","","","","","","","","","",""
"Jizoh","Lizardmen","Epic","Spirit","Defense","16515","815","1387","94","45","0","15","50","50","","","","","","","","","","","",""
"Alika","Barbarians","Epic","Force","Attack","15855","1354","892","101","30","0","15","60","50","","","","","","","","","","","",""
"Gorgorab","Undead Hordes","Epic","Magic","Support","17670","1057","1068","97","30","0","15","50","50","","","","","","","","","","","",""
"Sikara","Barbarians","Epic","Magic","Support","19485","804","1200","101","30","15","15","50","50","","","","","","","","","","","",""
"Pitiless One","Knight Revenant","Epic","Magic","Attack","16350","1443","771","94","30","0","15","60","50","","","","","","","","","","","",""
"Golden Reaper","Knight Revenant","Epic","Void","Support","18495","1134","936","111","30","0","15","50","50","","","","","","","","","","","",""
"Teshada","Barbarians","Epic","Force","Defense","16350","826","1387","96","45","0","15","50","50","","","","","","","","","","","",""
"Occult Brawler","Ogryn Tribes","Epic","Spirit","HP","20640","1101","826","98","45","0","15","50","50","","","","","","","","","","","",""
"Aristocrat","High Elves","Uncommon","Magic","Attack","11070","1211","804","96","30","0","15","50","50","","","","","","","","","","","",""
"Hungerer","Ogryn Tribes","Uncommon","Force","HP","18000","683","870","92","30","0","15","50","50","","","","","","","","","","","",""
"Tracker","Orcs","Uncommon","Force","Attack","14700","1134","639","94","30","0","15","50","50","","","","","","","","","","","",""
"Thrasher","Ogryn Tribes","Uncommon","Spirit","Attack","11400","1156","837","93","30","0","15","50","50","","","","","","","","","","","",""
"Tormentor","Demonspawn","Rare","Magic","Attack","13875","1156","947","96","30","0","15","57","50","","","","","","","","","","","",""
"Avenger","High Elves","Rare","Magic","Attack","12225","1398","815","104","30","0","15","57","50","","","","","","","","","","","",""
"Adjudicator","High Elves","Rare","Magic","Attack","13545","1255","870","94","30","0","15","57","50","","","","","","","","","","","",""
"Thrall","Knight Revenant","Common","Magic","Attack","9915","958","584","97","30","0","15","50","50","","","","","","","","","","","",""
"Temptress","Undead Hordes","Rare","Magic","Attack","11565","1343","914","99","30","0","15","57","50","","","","","","","","","","","",""
"Seducer","Undead Hordes","Rare","Void","Defense","16185","628","1321","95","40","0","15","50","50","","","","","","","","","","","",""
"Hospitaller","Sacred Order","Rare","Magic","Support","17175","1035","848","101","30","0","15","50","50","","","","","","","","","","","",""
"Harrier","Sacred Order","Rare","Void","Attack","13545","1376","749","96","30","0","15","57","50","","","","","","","","","","","",""
"Tallia","Sacred Order","Epic","Magic","Attack","12390","1343","1134","98","30","0","15","60","50","","","","","","","","","","","",""
"Fenax","Sacred Order","Epic","Spirit","Attack","13875","1454","925","96","30","0","15","60","50","","","","","","","","","","","",""
"Juliana","Sacred Order","Epic","Magic","Attack","15360","1398","881","103","30","0","15","60","50","","","","","","","","","","","",""
"Romero","Sacred Order","Epic","Force","Defense","18000","804","1299","99","45","0","15","50","50","","","","","","","","","","","",""
"Executioner","Knight Revenant","Rare","Magic","Defense","14865","782","1255","89","40","0","15","50","50","","","","","","","","","","","",""
"Kallia","Barbarians","Epic","Force","Attack","12885","1597","848","106","30","0","15","57","50","","","","","","","","","","","",""
"Atur","Barbarians","Epic","Magic","HP","19980","826","1145","96","45","0","15","50","50","","","","","","","","","","","",""
"Zavia","Dark Elves","Legendary","Force","Attack","18660","1586","749","105","30","10","15","63","50","","","","","","","","","","","",""
"Belanor","High Elves","Legendary","Void","Attack","15195","1520","1046","105","30","10","15","63","50","","","","","","","","","","","",""
"Venus","Sacred Order","Legendary","Void","Support","22635","1090","980","112","30","20","15","50","50","","","","","","","","","","","",""
"Cupidus","Sacred Order","Legendary","Spirit","Attack","18825","1520","804","107","30","10","15","63","50","","","","","","","","","","","",""
"Umbral Enchantress","Demonspawn","Epic","Void","Defense","15360","925","1354","93","45","0","15","50","50","","","","","","","","","","","",""
"Tyrant Ixlimor","Demonspawn","Legendary","Magic","HP","21975","771","1343","103","50","0","15","50","50","","","","","","","","","","","",""
"Snorting Thug","Skinwalkers","Epic","Force","HP","20640","870","1057","95","30","15","15","50","50","","","","","","","","","","","",""
"Haruspex","Lizardmen","Rare","Void","Support","18165","859","958","105","30","0","15","50","50","","","","","","","","","","","",""
"Tomb Lord","Knight Revenant","Legendary","Spirit","Support","18165","1387","980","99","30","20","15","50","50","","","","","","","","","","","",""
"Arbiter","High Elves","Legendary","Void","Support","21135","1068","1101","110","30","10","15","50","50","","","","","","","","","","","",""
"Shamrock","Ogryn Tribes","Legendary","Spirit","Support","20805","1002","1189","111","40","0","15","50","50","","","","","","","","","","","",""
"Stitched Beast","Undead Hordes","Rare","Void","Attack","13545","1343","782","101","30","0","15","57","50","","","","","","","","","","","",""
"Nazamok","Lizardmen","Epic","Void","Defense","17010","727","1443","93","40","0","15","50","50","","","","","","","","","","","",""
"Apothecary","High Elves","Rare","Magic","Support","17175","881","1002","106","30","0","15","50","50","","","","","","","","","","","",""
"Tikthaa Blackscale","Lizardmen","Legendary","Spirit","HP","22800","1002","1057","100","40","0","15","50","50","","","","","","","","","","","",""
"Basileus Roanas","High Elves","Legendary","Force","Attack","15525","1542","1002","101","30","10","15","63","50","","","","","","","","","","","",""
"Reliquary Tender","High Elves","Rare","Void","Support","18165","859","958","103","30","0","15","50","50","","","","","","","","","","","",""
"Amarantine Skeleton","Undead Hordes","Rare","Void","Defense","17505","683","1178","93","30","10","15","50","50","","","","","","","","","","","",""
"Catacomb Councilor","Undead Hordes","Epic","Magic","Attack","14040","1454","914","92","30","0","15","60","50","","","","","","","","","","","",""
"Defiled Sinner","Undead Hordes","Epic","Force","Attack","17670","1222","903","94","30","0","15","60","50","","","","","","","","","","","",""
"Oathbound","Banner Lords","Epic","Force","Defense","18330","782","1299","95","40","0","15","50","50","","","","","","","","","","","",""
"Krisk the Ageless","Lizardmen","Legendary","Void","Defense","19485","760","1520","94","50","10","15","50","50","","","","","","","","","","","",""
"Grohak the Bloodied","Orcs","Legendary","Magic","Attack","15690","1487","1046","96","30","10","15","63","50","","","","","","","","","","","",""
"Maeve","Barbarians","Epic","Force","Attack","15195","1354","936","100","30","0","15","60","50","","","","","","","","","","","",""
"Haarken Greatblade","Barbarians","Epic","Void","Attack","14865","1487","826","95","30","0","15","60","50","","","","","","","","","","","",""
"Ragemonger","Barbarians","Rare","Void","Attack","12720","1211","969","98","30","0","15","57","50","","","","","","","","","","","",""
"Bully","Barbarians","Common","Spirit","Defense","11565","462","969","91","30","0","15","50","50","","","","","","","","","","","",""
"Head Taker","Barbarians","Uncommon","Magic","Attack","14535","980","804","97","30","0","15","50","50","","","","","","","","","","","",""
"Suwai Firstborn","Barbarians","Epic","Void","Attack","14040","1343","1024","96","30","0","15","60","50","","","","","","","","","","","",""
"Black Knight","Banner Lords","Legendary","Force","HP","22470","914","1167","100","50","0","15","57","50","","","","","","","","","","","",""
"Lurker","Dark Elves","Common","Magic","Attack","10740","815","672","96","30","0","15","50","50","","","","","","","","","","","",""
"Captain Temila","Dark Elves","Epic","Magic","HP","18825","936","1112","96","45","0","15","50","50","","","","","","","","","","","",""
"Word Bearer","Banner Lords","Uncommon","Magic","Support","14535","958","826","96","30","0","15","50","50","","","","","","","","","","","",""
"Chancellor Yasmin","Banner Lords","Epic","Force","Support","16680","1101","1090","109","30","0","15","50","50","","","","","","","","","","","",""
"Suzerain Katonn","Undead Hordes","Legendary","Spirit","Attack","15030","1564","1013","98","30","20","15","57","50","","","","","","","","","","","",""
"Frontline Warrior","Banner Lords","Uncommon","Spirit","Defense","12885","595","1299","93","30","0","15","50","50","","","","","","","","","","","",""
"Dead Crusader","Undead Hordes","Uncommon","Force","Defense","13380","826","1035","100","30","0","15","50","50","","","","","","","","","","","",""
"Lanakis the Chosen","Dark Elves","Legendary","Magic","Support","20145","1255","980","108","30","0","15","50","50","","","","","","","","","","","",""
"Sandbow","Barbarians","Uncommon","Spirit","Attack","12885","1123","771","96","30","0","15","50","50","","","","","","","","","","","",""
"Bombardier","Banner Lords","Rare","Force","Attack","12555","1310","881","98","30","10","15","50","50","","","","","","","","","","","",""
"Baron","Banner Lords","Legendary","Void","Attack","15030","1575","1002","90","40","0","15","63","50","","","","","","","","","","","",""
"Elder Skarg","Barbarians","Legendary","Force","Attack","16185","1630","870","105","30","0","15","63","50","","","","","","","","","","","",""
"Deacon Armstrong","Sacred Order","Epic","Spirit","Support","17835","947","1167","100","30","15","15","50","50","","","","","","","","","","","",""
"Sepulcher Sentinel","Knight Revenant","Epic","Force","Defense","16185","903","1321","98","45","0","15","50","50","","","","","","","","","","","",""
"Lichenback","Ogryn Tribes","Rare","Force","HP","20145","727","958","103","30","10","15","50","50","","","","","","","","","","","",""
"Nogdar the Headhunter","Orcs","Legendary","Spirit","Attack","12060","1696","1079","96","30","0","15","63","50","","","","","","","","","","","",""
"Ruffstone","Ogryn Tribes","Rare","Force","Attack","15525","1354","639","99","30","10","15","50","50","","","","","","","","","","","",""
"Kreela Witch-Arm","Orcs","Legendary","Magic","Support","16680","1244","1222","99","30","0","15","57","50","","","","","","","","","","","",""
"Hill Nomad","Barbarians","Rare","Magic","Support","13875","1145","958","103","30","0","15","50","50","","","","","","","","","","","",""
"Steadfast Marshal","Banner Lords","Rare","Void","HP","20640","870","782","90","40","0","15","50","50","","","","","","","","","","","",""
"Heiress","High Elves","Rare","Force","Attack","12390","1167","1035","94","30","0","15","57","50","","","","","","","","","","","",""
"Corpse Collector","Undead Hordes","Epic","Force","Support","17175","1167","991","106","30","0","15","50","50","","","","","","","","","","","",""
"Mistress of Hymns","Sacred Order","Epic","Spirit","Support","18990","1024","1013","103","30","0","15","50","50","","","","","","","","","","","",""
"Vizier Ovelis","Dark Elves","Legendary","Force","Attack","16350","1476","1013","101","40","0","15","63","50","","","","","","","","","","","",""
"Candraphon","Demonspawn","Legendary","Force","Attack","17505","1509","903","96","30","10","15","63","50","","","","","","","","","","","",""
"Magekiller","Dark Elves","Common","Spirit","Attack","8265","881","771","102","30","0","15","50","50","","","","","","","","","","","",""
"Excruciator","Demonspawn","Epic","Magic","Attack","12720","1597","859","96","30","0","15","60","50","","","","","","","","","","","",""
"High Khatun","Barbarians","Epic","Spirit","Support","16350","1024","1189","104","30","0","15","50","50","","","","","","","","","","","",""
"Yaga the Insatiable","Skinwalkers","Epic","Force","Attack","15195","1365","925","95","30","15","15","50","50","","","","","","","","","","","",""
"Dark Athel","Undead Hordes","Epic","Magic","Attack","13710","1465","925","100","30","0","15","57","50","","","","","","","","","","","",""
"Foli","Dark Elves","Legendary","Magic","Attack","15030","1476","1101","105","30","0","15","63","50","","","","","","","","","","","",""
"Ogryn Jailer","Ogryn Tribes","Rare","Force","Attack","11235","1299","980","99","30","0","15","57","50","","","","","","","","","","","",""
"Mausoleum Mage","Undead Hordes","Epic","Force","Support","19485","1057","947","104","30","0","15","50","50","","","","","","","","","","","",""
"Ghoulish Ranger","Undead Hordes","Rare","Spirit","Attack","12390","1443","760","95","30","0","15","57","50","","","","","","","","","","","",""
"Yannica","High Elves","Legendary","Spirit","Attack","15525","1487","1057","100","30","10","15","63","50","","","","","","","","","","","",""
"Sandlashed Survivor","Orcs","Epic","Spirit","Defense","15030","936","1365","94","45","0","15","50","50","","","","","","","","","","","",""
"Pigsticker","Orcs","Rare","Magic","Attack","13380","1332","804","96","30","0","15","57","50","","","","","","","","","","","",""
"Teela Goremane","Orcs","Legendary","Magic","Support","21975","892","1222","92","30","0","15","63","50","","","","","","","","","","","",""
"Bergoth the Malformed","Knight Revenant","Epic","Spirit","HP","21810","716","1134","95","45","0","15","50","50","","","","","","","","","","","",""
"Necrohunter","Knight Revenant","Epic","Magic","Attack","12555","1398","1068","98","30","0","15","60","50","","","","","","","","","","","",""
"Seneschal","Banner Lords","Epic","Force","Defense","19980","705","1266","105","45","0","15","50","50","","","","","","","","","","","",""
"Grumbler","Dwarves","Rare","Magic","HP","19485","804","925","95","55","0","15","50","50","","","","","","","","","","","",""
"Skartorsis","Undead Hordes","Legendary","Force","Support","20145","859","1376","109","40","0","15","50","50","","","","","","","","","","","",""
"Rock Breaker","Dwarves","Epic","Spirit","Defense","18495","716","1354","91","75","0","15","50","50","","","","","","","","","","","",""
"Runic Warder","Dwarves","Rare","Magic","HP","19155","848","903","103","55","0","15","50","50","","","","","","","","","","","",""
"Bulwark","Dwarves","Rare","Void","Defense","13875","837","1266","97","45","10","15","50","50","","","","","","","","","","","",""
"Madman","Dwarves","Rare","Spirit","Attack","14040","1343","749","99","45","0","15","57","50","","","","","","","","","","","",""
"Runekeeper Dazdurk","Dwarves","Epic","Void","Support","20310","694","1255","105","30","0","15","50","50","","","","","","","","","","","",""
"Rearguard Sergeant","Dwarves","Epic","Force","Defense","18495","859","1211","97","75","0","15","50","50","","","","","","","","","","","",""
"Slicer","Dwarves","Uncommon","Spirit","Attack","14370","1090","705","90","30","0","15","50","50","","","","","","","","","","","",""
"Line Infantry","Dwarves","Uncommon","Force","Defense","13380","738","1123","87","30","0","15","50","50","","","","","","","","","","","",""
"Painsmith","Dwarves","Rare","Void","Attack","14040","1277","815","100","45","0","15","57","50","","","","","","","","","","","",""
"Grizzled Jarl","Dwarves","Epic","Magic","Defense","18825","760","1288","95","75","0","15","50","50","","","","","","","","","","","",""
"Renegade","Knight Revenant","Rare","Void","Support","18495","1046","749","95","30","10","15","50","50","","","","","","","","","","","",""
"Trunda Giltmallet","Dwarves","Legendary","Magic","Attack","22800","1608","980","100","80","10","15","63","50","","","","","","","","","","","",""
"Mountain King","Dwarves","Legendary","Force","Attack","31050","1432","1112","85","90","0","15","63","50","","","","","","","","","","","",""
"Chemist","Dwarves","Uncommon","Magic","Attack","12555","1046","870","104","30","0","15","50","50","","","","","","","","","","","",""
"Baerdal Fellhammer","Dwarves","Epic","Void","Attack","18330","1398","683","94","60","0","15","60","50","","","","","","","","","","","",""
"Beast Wrestler","Dwarves","Rare","Force","Attack","15525","1233","760","97","45","0","15","57","50","","","","","","","","","","","",""
"Master Butcher","Dwarves","Rare","Spirit","Support","18495","848","947","100","45","0","15","50","50","","","","","","","","","","","",""
"Honor Guard","Dwarves","Rare","Force","Defense","15525","760","1233","99","55","0","15","50","50","","","","","","","","","","","",""
"Stout Axeman","Dwarves","Rare","Magic","HP","19155","859","892","94","55","0","15","50","50","","","","","","","","","","","",""
"Tunnel Steward","Dwarves","Uncommon","Spirit","Attack","8925","1255","903","95","30","0","15","50","50","","","","","","","","","","","",""
"Vilespawn","Demonspawn","Uncommon","Spirit","Support","13875","925","903","91","30","0","15","50","50","","","","","","","","","","","",""
"Arbalester","Undead Hordes","Rare","Void","Attack","14205","1421","661","96","30","0","15","57","50","","","","","","","","","","","",""
"Suntribe","Orcs","Uncommon","Magic","Support","16515","782","870","95","30","0","15","50","50","","","","","","","","","","","",""
"Mother Superior","Sacred Order","Rare","Spirit","Support","16350","991","947","103","30","0","15","50","50","","","","","","","","","","","",""
"Lady Etessa","Sacred Order","Epic","Force","Attack","13215","1387","1035","99","30","0","15","60","50","","","","","","","","","","","",""
"Gala Longbraids","Dwarves","Epic","Void","Attack","18165","1432","661","97","60","0","15","60","50","","","","","","","","","","","",""
"Twinclaw Disciple","Orcs","Rare","Force","Attack","11565","1365","892","85","30","0","15","57","50","","","","","","","","","","","",""
"Corpulent Cadaver","Undead Hordes","Rare","Spirit","HP","20640","617","1035","96","40","0","15","50","50","","","","","","","","","","","",""
"Duchess Lilitu","Demonspawn","Legendary","Spirit","Support","22470","793","1288","103","50","0","15","50","50","","","","","","","","","","","",""
"Thea the Tomb Angel","Knight Revenant","Legendary","Force","Attack","16020","1542","969","90","30","0","15","63","50","","","","","","","","","","","",""
"Soulbond Bowyer","Barbarians","Rare","Spirit","Attack","13545","1255","870","96","30","0","15","57","50","","","","","","","","","","","",""
"Perforator","Dwarves","Rare","Force","Attack","14205","1277","804","86","45","0","15","57","50","","","","","","","","","","","",""
"Septimus","Banner Lords","Legendary","Spirit","Attack","13710","1674","991","102","30","0","15","63","50","","","","","","","","","","","",""
"Coffin Smasher","Knight Revenant","Rare","Magic","HP","21135","683","936","92","40","0","15","50","50","","","","","","","","","","","",""
"Ursine Icecrusher","Skinwalkers","Epic","Force","Defense","17340","738","1409","93","40","0","15","50","50","","","","","","","","","","","",""
"Stag Knight","Banner Lords","Epic","Spirit","Support","20970","859","1046","107","30","0","15","50","50","","","","","","","","","","","",""
"Frozen Banshee","Undead Hordes","Rare","Magic","Attack","14700","1046","1002","99","30","10","15","50","50","","","","","","","","","","","",""
"Wurlim Frostking","Knight Revenant","Legendary","Void","Defense","19650","1035","1233","100","30","20","15","50","50","","","","","","","","","","","",""
"Maulie Tankard","Dwarves","Legendary","Spirit","Support","18495","881","1465","107","80","10","15","50","50","","","","","","","","","","","",""
"Skytouched Shaman","Barbarians","Epic","Void","Support","18330","958","1123","102","30","0","15","50","50","","","","","","","","","","","",""
"Inquisitor Shamael","Sacred Order","Epic","Void","Attack","16680","1288","903","101","30","0","15","60","50","","","","","","","","","","","",""
"Fang Cleric","Dark Elves","Epic","Spirit","Support","18330","903","1178","105","30","0","15","50","50","","","","","","","","","","","",""
"Valerie","Banner Lords","Rare","Magic","Support","15855","969","1002","98","30","0","15","50","50","","","","","","","","","","","",""
"Harvest Jack","Undead Hordes","Legendary","Spirit","HP","26925","859","925","102","40","20","15","50","50","","","","","","","","","","","",""
"Madame Serris","Dark Elves","Epic","Void","Support","19650","826","1167","100","30","15","15","50","50","","","","","","","","","","","",""
"Miscreated Monster","Knight Revenant","Epic","Magic","HP","22965","958","815","95","45","0","15","50","50","","","","","","","","","","","",""
"Brakus the Shifter","Skinwalkers","Legendary","Force","Attack","19815","1465","793","101","40","0","15","63","50","","","","","","","","","","","",""
"Coldheart","Dark Elves","Rare","Void","Attack","13710","1376","738","94","30","0","15","57","50","","","","","","","","","","","",""
"Ultimate Galek","Orcs","Epic","Magic","Attack","15195","1332","958","98","30","0","15","60","50","","","","","","","","","","","",""
"Valla","Barbarians","Epic","Spirit","Defense","16845","771","1409","99","30","0","15","60","50","","","","","","","","","","","",""
"Whisper","Knight Revenant","Epic","Void","Attack","16020","1443","793","95","30","0","15","60","50","","","","","","","","","","","",""
"Tormin the Cold","Dwarves","Legendary","Void","Defense","20145","815","1421","94","70","20","15","50","50","","","","","","","","","","","",""
"Gurptuk Moss-Beard","Ogryn Tribes","Legendary","Force","Support","18825","1079","1244","100","50","0","15","50","50","","","","","","","","","","","",""
"Quargan the Crowned","Lizardmen","Epic","Spirit","Support","17670","903","1222","103","30","0","15","50","50","","","","","","","","","","","",""
"Knight-Errant","Banner Lords","Epic","Spirit","Attack","18660","1387","672","96","30","15","15","50","50","","","","","","","","","","","",""
"Myrmidon","Banner Lords","Rare","Magic","Defense","15030","804","1222","99","30","10","15","50","50","","","","","","","","","","","",""
"Cudgeler","Dwarves","Rare","Magic","Attack","14205","1178","903","98","30","10","15","50","50","","","","","","","","","","","",""
"Hatchet Slinger","Dwarves","Rare","Spirit","Attack","10575","1321","1002","93","30","0","15","57","50","","","","","","","","","","","",""
"Fleshmonger","Skinwalkers","Rare","Magic","Attack","13050","1288","870","92","30","0","15","57","50","","","","","","","","","","","",""
"Fencer","High Elves","Rare","Force","Attack","15360","1211","793","100","30","10","15","50","50","","","","","","","","","","","",""
"Lydia the Deathsiren","Dark Elves","Legendary","Void","Support","20805","903","1288","110","40","0","15","50","50","","","","","","","","","","","",""
"Gravechill Killer","Undead Hordes","Rare","Magic","Attack","13545","1233","892","96","30","10","15","50","50","","","","","","","","","","","",""
"Ursine Ironhide","Skinwalkers","Epic","Force","Defense","19320","793","1222","94","45","0","15","50","50","","","","","","","","","","","",""
"Siphi the Lost Bride","Undead Hordes","Legendary","Void","Support","21480","859","1288","114","40","0","15","50","50","","","","","","","","","","","",""
"Skullsquire","Undead Hordes","Uncommon","Force","Attack","12885","1178","716","107","30","0","15","50","50","","","","","","","","","","","",""
"Rotos the Lost Groom","Undead Hordes","Legendary","Magic","Attack","11895","1520","1266","90","40","0","15","63","50","","","","","","","","","","","",""
"Khoronar","Skinwalkers","Legendary","Void","HP","27090","815","958","99","50","0","15","57","50","","","","","","","","","","","",""
"Minaya","Banner Lords","Legendary","Force","Support","21645","1002","1134","111","40","0","15","50","50","","","","","","","","","","","",""
"Drokgul the Gaunt","Ogryn Tribes","Legendary","Spirit","Support","22965","991","1057","107","40","0","15","50","50","","","","","","","","","","","",""
"Nekhret the Great","Undead Hordes","Legendary","Void","Defense","21480","793","1354","97","50","0","15","50","50","","","","","","","","","","","",""
"Rector Drath","Knight Revenant","Epic","Force","Support","17010","1035","1134","109","30","0","15","50","50","","","","","","","","","","","",""
"Aox the Rememberer","Lizardmen","Epic","Force","Support","17010","991","1178","99","30","15","15","50","50","","","","","","","","","","","",""
"Fireblade","Banner Lords","Uncommon","Spirit","Attack","10080","1178","903","95","30","0","15","50","50","","","","","","","","","","","",""
"Yeoman","Sacred Order","Common","Magic","Attack","9090","903","694","97","30","0","15","50","50","","","","","","","","","","","",""
"Icebound Prospector","Dwarves","Uncommon","Force","Attack","14370","991","804","93","30","0","15","50","50","","","","","","","","","","","",""
"Mordecai","Sacred Order","Epic","Force","Support","13545","1244","1156","100","30","0","15","50","50","","","","","","","","","","","",""
"Gomlok Skyhide","Orcs","Legendary","Force","Support","19650","1233","1035","104","30","20","15","50","50","","","","","","","","","","","",""
"Vogoth","Undead Hordes","Epic","Spirit","HP","19320","804","1211","89","30","15","15","50","50","","","","","","","","","","","",""
"Cillian the Lucky","Banner Lords","Legendary","Magic","Attack","13215","1432","1266","98","30","10","15","63","50","","","","","","","","","","","",""
"Saito","Undead Hordes","Legendary","Magic","Attack","16185","1321","1178","102","30","0","15","63","50","","","","","","","","","","","",""
"Dark Elhain","Undead Hordes","Epic","Magic","Attack","17010","1365","804","94","30","0","15","60","50","","","","","","","","","","","",""
"Ranger","Dark Elves","Common","Force","Attack","12720","815","540","92","30","0","15","50","50","","","","","","","","","","","",""
"Lordly Legionary","Banner Lords","Epic","Magic","Attack","15030","1354","947","96","30","0","15","60","50","","","","","","","","","","","",""
"Scyl of the Drakes","Barbarians","Legendary","Magic","Defense","19980","859","1387","95","40","0","15","63","50","","","","","","","","","","","",""
"Skull Lord Var-Gall","Lizardmen","Legendary","Force","Defense","27420","1112","1310","107","90","70","15","50","50","","","","","","","","","","","",""
"Exiled Sorcerer","Barbarians","Rare","Magic","Attack","14205","1156","925","96","30","0","15","57","50","","","","","","","","","","","",""
"Wandering Priest","Barbarians","Rare","Spirit","Support","17175","859","1024","102","30","0","15","50","50","","","","","","","","","","","",""
"Archmage Hellmut","Banner Lords","Epic","Magic","Support","18825","925","1123","108","30","0","15","50","50","","","","","","","","","","","",""
"Dhampir","Undead Hordes","Uncommon","Spirit","Attack","10410","1068","991","98","30","0","15","50","50","","","","","","","","","","","",""
"Rian the Conjurer","Dark Elves","Epic","Force","Support","17010","1002","1167","98","30","15","15","50","50","","","","","","","","","","","",""
"Akoth the Seared","Demonspawn","Epic","Magic","Defense","16680","892","1299","95","30","15","15","50","50","","","","","","","","","","","",""
"Urost the Soulcage","Undead Hordes","Legendary","Void","HP","24450","782","1167","95","50","10","15","50","50","","","","","","","","","","","",""
"Tainix Hateflower","Demonspawn","Epic","Force","Support","17010","1189","980","100","30","0","15","50","50","","","","","","","","","","","",""
"Ghrush the Mangler","Ogryn Tribes","Epic","Spirit","Defense","19320","694","1321","94","45","0","15","50","50","","","","","","","","","","","",""
"Visix the Unbowed","Dark Elves","Legendary","Void","Defense","17175","958","1476","97","50","0","15","50","50","","","","","","","","","","","",""
"Dilgol","Dwarves","Rare","Void","Attack","15525","1046","947","96","30","0","15","57","50","","","","","","","","","","","",""
"Gloril Brutebane","Dwarves","Rare","Spirit","Attack","16185","1244","705","90","30","0","15","57","50","","","","","","","","","","","",""
"Dunestrider","Barbarians","Rare","Magic","Attack","14865","1354","683","97","30","0","15","57","50","","","","","","","","","","","",""
"Dolor Lorekeeper","Dwarves","Rare","Force","Support","16845","1035","870","98","30","0","15","50","50","","","","","","","","","","","",""
"Templar","Sacred Order","Rare","Spirit","Defense","15855","881","1090","92","40","0","15","50","50","","","","","","","","","","","",""
"Ripperfist","Orcs","Rare","Void","Attack","13380","1398","738","94","30","0","15","57","50","","","","","","","","","","","",""
"Wagonbane","Ogryn Tribes","Rare","Magic","Support","17175","947","936","97","30","10","15","50","50","","","","","","","","","","","",""
"Wyvernbane","Orcs","Rare","Spirit","Attack","12555","1288","903","94","30","0","15","57","50","","","","","","","","","","","",""
"Solaris","Sacred Order","Rare","Force","Attack","13545","1244","881","92","30","0","15","57","50","","","","","","","","","","","",""
"Drowned Bloatwraith","Undead Hordes","Rare","Void","Attack","13545","1387","738","100","30","0","15","57","50","","","","","","","","","","","",""
"Purgator","Sacred Order","Rare","Magic","Attack","13380","1409","727","94","30","0","15","57","50","","","","","","","","","","","",""
"Headsman","Sacred Order","Rare","Spirit","Attack","10740","1354","958","100","30","0","15","57","50","","","","","","","","","","","",""
"Renouncer","Sacred Order","Rare","Force","Attack","12885","1255","914","97","30","0","15","57","50","","","","","","","","","","","",""
"Quaestor","Banner Lords","Rare","Force","Attack","13215","1288","859","95","30","0","15","57","50","","","","","","","","","","","",""
"Avir the Alchemage","Dwarves","Rare","Magic","Support","16680","881","1035","102","30","10","15","50","50","","","","","","","","","","","",""
"Sinesha","Knight Revenant","Epic","Force","Support","17340","892","1255","101","30","0","15","50","50","","","","","","","","","","","",""
"Sanctum Protector","Sacred Order","Rare","Spirit","Defense","15360","804","1200","97","40","0","15","50","50","","","","","","","","","","","",""
"Draconis","Sacred Order","Rare","Void","HP","17835","914","925","100","30","0","15","50","50","","","","","","","","","","","",""
"Tuhak the Wanderer","Orcs","Epic","Void","Attack","16020","1365","870","97","30","0","15","60","50","","","","","","","","","","","",""
"Kaiden","Dark Elves","Epic","Magic","Defense","16350","837","1376","95","30","15","15","50","50","","","","","","","","","","","",""
"Fayne","Skinwalkers","Epic","Spirit","Attack","13710","1663","727","99","30","0","15","57","50","","","","","","","","","","","",""
"Baroth the Bloodsoaked","Barbarians","Epic","Force","HP","20475","826","1112","98","45","0","15","50","50","","","","","","","","","","","",""
"Vergumkaar","Lizardmen","Legendary","Spirit","Support","22140","914","1189","99","50","10","15","50","50","","","","","","","","","","","",""
"Ursuga Warcaller","Barbarians","Legendary","Void","HP","23460","485","1531","108","50","0","15","50","50","","","","","","","","","","","",""
"Little Miss Annie","Undead Hordes","Legendary","Void","Attack","17835","1597","793","102","30","0","15","63","50","","","","","","","","","","","",""
"Narma the Returned","Knight Revenant","Legendary","Magic","Support","19815","1002","1255","100","30","20","15","50","50","","","","","","","","","","","",""
"Duelist","Banner Lords","Uncommon","Force","Attack","11400","1200","793","101","30","0","15","50","50","","","","","","","","","","","",""
"Masked Fearmonger","Banner Lords","Epic","Spirit","Attack","13215","1398","1024","97","30","0","15","60","50","","","","","","","","","","","",""
"Elegaius","Undead Hordes","Legendary","Magic","Support","22305","881","1211","106","30","20","15","50","50","","","","","","","","","","","",""
"Tigersoul","Barbarians","Rare","Spirit","Attack","11070","1255","1035","96","30","10","15","50","50","","","","","","","","","","","",""
"Melga Steelgirdle","Dwarves","Epic","Spirit","HP","20475","947","991","100","45","0","15","50","50","","","","","","","","","","","",""
"Geargrinder","Ogryn Tribes","Rare","Void","HP","19320","826","914","95","40","0","15","50","50","","","","","","","","","","","",""
"Gerhard the Stone","Banner Lords","Epic","Magic","Attack","12555","1387","1079","101","30","0","15","60","50","","","","","","","","","","","",""
"Panthera","Skinwalkers","Rare","Void","Attack","13545","1277","848","97","30","10","15","50","50","","","","","","","","","","","",""
"Rugnor Goldgleam","Dwarves","Epic","Void","Attack","16680","1409","782","99","30","0","15","60","50","","","","","","","","","","","",""
"Kurzad Deepheart","Dwarves","Rare","Void","Attack","12225","1343","870","97","30","10","15","50","50","","","","","","","","","","","",""
"Flailer","Dwarves","Rare","Magic","Defense","15525","958","1035","93","40","0","15","50","50","","","","","","","","","","","",""
"Sergeant","Sacred Order","Uncommon","Force","Attack","12555","1112","804","92","30","0","15","50","50","","","","","","","","","","","",""
"Dagger","Banner Lords","Rare","Void","Attack","12720","1387","793","101","30","0","15","57","50","","","","","","","","","","","",""
"Boltsmith","Dwarves","Rare","Force","Attack","15030","1465","562","94","30","0","15","57","50","","","","","","","","","","","",""
"Alaric the Hooded","Banner Lords","Epic","Force","Attack","15855","1454","793","98","30","0","15","60","50","","","","","","","","","","","",""
"Balthus Drauglord","Undead Hordes","Epic","Spirit","Defense","18000","848","1255","97","45","0","15","50","50","","","","","","","","","","","",""
"Armina","Barbarians","Epic","Magic","Attack","18990","1354","683","97","30","0","15","60","50","","","","","","","","","","","",""
"Yakarl the Scourge","Barbarians","Legendary","Void","Attack","16350","1597","892","95","30","10","15","63","50","","","","","","","","","","","",""
"Grunch Killjoy","Ogryn Tribes","Epic","Force","Support","18000","969","1134","102","30","15","15","50","50","","","","","","","","","","","",""
"Pyxniel","High Elves","Legendary","Magic","Support","18825","1090","1233","103","30","20","15","50","50","","","","","","","","","","","",""
"Achak the Wendarin","Demonspawn","Epic","Force","Support","17505","947","1189","94","30","15","15","50","50","","","","","","","","","","","",""
"Sentinel","Barbarians","Rare","Force","HP","18825","914","859","86","30","10","15","50","50","","","","","","","","","","","",""
"Roxam","Lizardmen","Legendary","Magic","Attack","16020","1553","958","98","30","10","15","63","50","","","","","","","","","","","",""
"Prundar","Ogryn Tribes","Epic","Void","Defense","18165","683","1409","95","30","15","15","50","50","","","","","","","","","","","",""
"King Garog","Orcs","Legendary","Force","Attack","16020","1564","947","105","40","0","15","63","50","","","","","","","","","","","",""
"Samar Gemcursed","Dwarves","Legendary","Spirit","HP","21480","936","1211","98","80","0","15","60","50","","","","","","","","","","","",""
"Uugo","Ogryn Tribes","Epic","Magic","Support","19650","738","1255","102","30","15","15","50","50","","","","","","","","","","","",""
"Lodric Falconheart","Sacred Order","Epic","Spirit","HP","18825","947","1101","96","45","0","15","50","50","","","","","","","","","","","",""
"Ursala the Mourner","Banner Lords","Epic","Void","Support","18000","1167","936","102","30","15","15","50","50","","","","","","","","","","","",""
"Fodbor the Bard","Dwarves","Epic","Spirit","Attack","15360","1454","826","100","30","0","15","60","50","","","","","","","","","","","",""
"Klodd Beastfeeder","Ogryn Tribes","Epic","Magic","HP","21645","815","1046","110","30","0","15","50","50","","","","","","","","","","","",""
"Anax","Undead Hordes","Epic","Spirit","Attack","14205","1542","815","90","30","0","15","60","50","","","","","","","","","","","",""
"Skellag","Undead Hordes","Uncommon","Force","Defense","12555","859","1057","100","30","0","15","50","50","","","","","","","","","","","",""
"Fahrakin the Fat","Barbarians","Epic","Spirit","Attack","14535","1244","1090","100","30","0","15","60","50","","","","","","","","","","","",""
"Iron Brago","Orcs","Legendary","Spirit","Defense","18165","881","1487","99","50","10","15","50","50","","","","","","","","","","","",""
"Dhukk the Pierced","Orcs","Epic","Magic","Defense","15855","870","1376","97","45","0","15","50","50","","","","","","","","","","","",""
"Sanguinia","Sacred Order","Epic","Magic","Support","20475","760","1178","105","30","0","15","50","50","","","","","","","","","","","",""
"Old Hermit Jorrg","Orcs","Epic","Magic","Support","16350","1134","1079","104","30","0","15","50","50","","","","","","","","","","","",""
"Scrapper","Barbarians","Rare","Void","Attack","14370","1233","837","102","30","0","15","57","50","","","","","","","","","","","",""
"Tarshon","Demonspawn","Epic","Spirit","Defense","17175","760","1398","100","30","15","15","50","50","","","","","","","","","","","",""
"Abyssal","Demonspawn","Rare","Spirit","Support","18330","815","991","95","30","0","15","50","50","","","","","","","","","","","",""
"Pestilus","Knight Revenant","Epic","Spirit","Support","20145","848","1112","94","30","15","15","50","50","","","","","","","","","","","",""
"Rae","Dark Elves","Legendary","Magic","Attack","15195","1343","1222","98","40","0","15","63","50","","","","","","","","","","","",""
"Cardiel","Sacred Order","Legendary","Void","Support","19650","1013","1255","106","50","0","15","50","50","","","","","","","","","","","",""
"Sicia Flametongue","Demonspawn","Legendary","Force","Attack","13050","1586","1123","97","30","20","15","60","50","","","","","","","","","","","",""
"Astralon","Sacred Order","Legendary","Magic","Attack","16845","1619","837","102","30","0","15","63","50","","","","","","","","","","","",""
"Godseeker Aniri","Sacred Order","Epic","Void","Defense","15195","1046","1244","99","45","0","15","50","50","","","","","","","","","","","",""
"Countess Lix","Demonspawn","Legendary","Magic","Attack","17175","1498","936","100","30","20","15","50","50","","","","","","","","","","","",""
"Genzin","Shadowkin","Legendary","Spirit","Attack","17505","1553","859","100","30","0","15","63","50","","","","","","","","","","","",""
"Yoshi the Drunkard","Shadowkin","Legendary","Force","Support","19650","1299","969","103","40","20","15","50","50","","","","","","","","","","","",""
"Jintoro","Shadowkin","Legendary","Magic","Attack","15360","1487","1068","102","30","10","15","63","50","","","","","","","","","","","",""
"Sachi","Shadowkin","Epic","Force","Support","14865","1222","1090","102","30","0","15","50","50","","","","","","","","","","","",""
"Oboro","Shadowkin","Epic","Void","Attack","15360","1454","826","101","30","0","15","60","50","","","","","","","","","","","",""
"Spirithost","Dark Elves","Rare","Spirit","Support","15360","1046","958","103","30","0","15","50","50","","","","","","","","","","","",""
"Toragi the Frog","Shadowkin","Epic","Magic","HP","21810","892","958","96","45","0","15","50","50","","","","","","","","","","","",""
"Fanatic","Shadowkin","Rare","Void","Support","14865","1013","1024","97","30","0","15","50","50","","","","","","","","","","","",""
"Chonoru","Shadowkin","Epic","Spirit","Attack","12555","1509","958","99","30","0","15","60","50","","","","","","","","","","","",""
"Lifetaker","Shadowkin","Rare","Magic","Attack","17340","1145","727","99","30","0","15","57","50","","","","","","","","","","","",""
"Bloodmask","Shadowkin","Rare","Force","HP","19980","694","1002","93","40","0","15","50","50","","","","","","","","","","","",""
"Conscript","Shadowkin","Uncommon","Spirit","Attack","11565","1156","826","86","30","0","15","50","50","","","","","","","","","","","",""
"Infiltrator","Shadowkin","Uncommon","Force","Attack","13875","1123","705","101","30","0","15","50","50","","","","","","","","","","","",""
"Underpriest Brogni","Dwarves","Legendary","Magic","Support","22965","782","1266","100","90","0","15","50","50","","","","","","","","","","","",""
"Riho Bonespear","Shadowkin","Legendary","Void","Support","18660","1189","1145","105","40","0","15","50","50","","","","","","","","","","","",""
"Fenshi","Shadowkin","Epic","Force","Attack","16515","1465","738","97","30","0","15","60","50","","","","","","","","","","","",""
"Spider","Dark Elves","Epic","Force","Support","18330","1211","870","91","30","15","15","50","50","","","","","","","","","","","",""
"Giscard the Sigiled","Banner Lords","Epic","Spirit","Defense","17505","683","1454","96","45","0","15","50","50","","","","","","","","","","","",""
"Skimfos the Consumed","Demonspawn","Epic","Void","Attack","13050","1432","1002","102","30","0","15","60","50","","","","","","","","","","","",""
"Crimson Helm","Dark Elves","Epic","Spirit","Defense","15690","727","1531","85","30","15","15","50","50","","","","","","","","","","","",""
"Zelotah","Undead Hordes","Epic","Spirit","Support","20640","826","1101","95","30","15","15","50","50","","","","","","","","","","","",""
"Lua","Dark Elves","Epic","Void","Attack","14535","1564","771","97","30","0","15","60","50","","","","","","","","","","","",""
"Torturehelm","Orcs","Epic","Force","HP","19980","881","1090","96","30","0","15","60","50","","","","","","","","","","","",""
"Furystoker","Ogryn Tribes","Rare","Spirit","Support","14865","1024","1013","100","40","0","15","50","50","","","","","","","","","","","",""
"Skullcrusher","Ogryn Tribes","Epic","Force","Defense","19320","826","1189","98","45","0","15","50","50","","","","","","","","","","","",""
"Mystic Hand","Dark Elves","Rare","Force","Support","16515","804","1123","88","30","10","15","50","50","","","","","","","","","","","",""
"Warlord","Orcs","Legendary","Void","Support","22305","914","1178","100","30","20","15","50","50","","","","","","","","","","","",""
"Magmablood","Ogryn Tribes","Rare","Force","Attack","13710","1387","727","93","30","15","15","50","50","","","","","","","","","","","",""
"Warboy","Orcs","Common","Magic","Defense","13215","584","738","91","30","0","15","50","50","","","","","","","","","","","",""
"Ironclad","Orcs","Rare","Force","HP","18825","947","826","104","40","0","15","50","50","","","","","","","","","","","",""
"Brute","Ogryn Tribes","Uncommon","Magic","Attack","14535","1079","705","92","30","0","15","50","50","","","","","","","","","","","",""
"Axeman","Banner Lords","Common","Force","HP","15030","507","694","92","30","0","15","50","50","","","","","","","","","","","",""
"Swordsman","Banner Lords","Common","Magic","Attack","8100","958","705","100","30","0","15","50","50","","","","","","","","","","","",""
"Warchanter","Orcs","Uncommon","Magic","HP","18990","716","771","94","30","0","15","50","50","","","","","","","","","","","",""
"Commander","Banner Lords","Uncommon","Force","Support","15690","936","771","101","30","0","15","50","50","","","","","","","","","","","",""
"Sorceress","Undead Hordes","Rare","Force","Attack","12555","1321","870","101","30","0","15","57","50","","","","","","","","","","","",""
"Blind Seer","Dark Elves","Legendary","Void","Support","18165","1332","1035","115","45","0","15","50","50","","","","","","","","","","","",""
"Bone Knight","Undead Hordes","Rare","Spirit","Attack","14370","1090","980","93","30","0","15","57","50","","","","","","","","","","","",""
"Satyr","Skinwalkers","Uncommon","Spirit","HP","15195","892","848","83","30","0","15","50","50","","","","","","","","","","","",""
"Graybeard","Skinwalkers","Rare","Magic","Defense","14700","936","1112","92","40","0","15","50","50","","","","","","","","","","","",""
"Archer","Banner Lords","Uncommon","Magic","Attack","13050","1156","727","97","30","0","15","50","50","","","","","","","","","","","",""
"Conquerer","Banner Lords","Rare","Spirit","Attack","12225","1421","793","99","30","0","15","57","50","","","","","","","","","","","",""
"Spiritwalker","Barbarians","Uncommon","Force","Support","10740","1288","749","90","30","0","15","50","50","","","","","","","","","","","",""
"Warmaiden","Barbarians","Rare","Force","Attack","14700","1321","727","97","30","0","15","57","50","","","","","","","","","","","",""
"Berserker","Barbarians","Rare","Spirit","Attack","14535","1266","793","98","30","0","15","57","50","","","","","","","","","","","",""
"Outlander","Barbarians","Uncommon","Spirit","Attack","9255","1299","837","96","30","0","15","50","50","","","","","","","","","","","",""
"Pikeman","Banner Lords","Common","Magic","Defense","11235","595","859","96","30","0","15","50","50","","","","","","","","","","","",""
"Militia","Sacred Order","Uncommon","Spirit","Attack","13215","1178","694","102","30","0","15","50","50","","","","","","","","","","","",""
"Vigilante","Sacred Order","Uncommon","Spirit","HP","17505","760","826","98","30","0","15","50","50","","","","","","","","","","","",""
"Bogwalker","Lizardmen","Rare","Force","Defense","16020","848","1112","93","40","0","15","50","50","","","","","","","","","","","",""
"Muckstalker","Lizardmen","Rare","Magic","HP","20475","903","760","101","40","0","15","50","50","","","","","","","","","","","",""
"Skullsworn","Lizardmen","Rare","Force","Attack","12720","1365","815","87","30","0","15","57","50","","","","","","","","","","","",""
"Guardian","Knight Revenant","Rare","Spirit","HP","19155","826","925","96","40","0","15","50","50","","","","","","","","","","","",""
"Lord Champfort","Banner Lords","Legendary","Magic","HP","22305","1079","1013","97","40","20","15","50","50","","","","","","","","","","","",""
"Fu-Shan","Lizardmen","Legendary","Force","Attack","16680","1443","1024","106","30","0","15","63","50","","","","","","","","","","","",""
"Ma'Shalled","Undead Hordes","Legendary","Spirit","Attack","17835","1454","936","103","30","0","15","63","50","","","","","","","","","","","",""
"Warchief","Skinwalkers","Legendary","Force","Defense","18990","848","1465","102","50","10","15","50","50","","","","","","","","","","","",""
"Queen Eva","Dark Elves","Legendary","Spirit","Attack","15690","1696","837","101","30","10","15","63","50","","","","","","","","","","","",""
"Astralith","Dark Elves","Legendary","Spirit","Attack","17175","1487","947","102","30","10","15","63","50","","","","","","","","","","","",""
"Bad-el-Kazar","Undead Hordes","Legendary","Force","Support","20145","1079","1156","102","40","20","15","50","50","","","","","","","","","","","",""
"Big 'Un","Ogryn Tribes","Legendary","Magic","Attack","17505","1575","837","104","30","10","15","63","50","","","","","","","","","","","",""
"Bystophus","Knight Revenant","Legendary","Force","Attack","14700","1795","804","94","30","10","15","63","50","","","","","","","","","","","",""
"Mortu-Macaab","Demonspawn","Legendary","Spirit","HP","23130","1145","892","94","40","0","15","63","50","","","","","","","","","","","",""